ID,Title,Title (AL),Product URL,Short Description,Short Description (AL),Description,Description (AL),Product Status,Product Type,Variations Count,Brand,Categories,Collections,Groups,SKU,Article No,Additional Code,Price,Price (ALL),Price (EUR),Sale Price,Sale Price (ALL),Sale Price (EUR),Sale Discount %,Enable Stock,Stock Quantity,Low Stock Threshold,Stock Status,Allow Back Order,Featured,Best Seller,Product Tags,Tags,Menu Order,Allow Customer Review,Enable Low Stock Alert,Image Path,Created At,Updated At
692b6c5363c1df28cbc71120,Plastic octagonal vase,Plastic octagonal vase,plastic-octagonal-vase,High quality plastic octagonal vase,High quality plastic octagonal vase,<p>Plastic octagonal vase. Quality product for your kitchen and home</p>,"<p>Plastic octagonal vase. Quality product for your kitchen and home</p>
",1,single,0,,Home decor,,,2162000034,ART-2162000034,,199,199,,,,,,Yes,59,,,No,No,No,"home-decor,decor",home-decor; decor,0,Yes,No,,2025-11-29T21:57:39.303Z,2026-01-09T03:01:04.753Z
692b6c5163c1df28cbc71115,Diamond frosted flower vase,Diamond frosted flower vase,diamond-frosted-flower-vase,High quality diamond frosted flower vase,,Diamond frosted flower vase. Quality product for your kitchen and home.,,1,single,0,,Home decor,,,60849,ART-60849,,199,199,,,,,,Yes,72,,,No,No,No,home-decor,,0,Yes,No,,2025-11-29T21:57:37.987Z,2026-01-09T03:00:30.706Z
692b6c5063c1df28cbc71105,78M diamond vase,78M diamond vase,78m-diamond-vase,High quality 78m diamond vase,,78M diamond vase. Quality product for your kitchen and home.,,1,single,0,,Home decor,,,603040064,ART-603040064,,1899,1899,,,,,,Yes,24,,,No,No,No,home-decor,,0,Yes,No,,2025-11-29T21:57:36.668Z,2026-01-09T03:00:48.777Z
692b6c4f63c1df28cbc710fa,Round reed vase,Round reed vase,round-reed-vase,High quality round reed vase,High quality round reed vase,<p>Round reed vase. Quality product for your kitchen and home.</p>,"<p></p>
",1,single,0,,Home decor,,,603040036,ART-603040036,,1399,1399,,,,,,Yes,29,,,No,No,No,home-decor,home-decor,0,Yes,No,,2025-11-29T21:57:35.351Z,2026-01-09T03:03:25.558Z
692b6c4e63c1df28cbc710ea,117M vase,117M vase,117m-vase,High quality 117m vase,,117M vase. Quality product for your kitchen and home.,,1,single,0,,Home decor,,,16030011,ART-16030011,,799,799,,,,,,Yes,48,,,No,No,No,home-decor,,0,Yes,No,,2025-11-29T21:57:34.036Z,2026-01-09T03:00:35.746Z
692b6c4c63c1df28cbc710df,8508B vase,8508B vase,8508b-vase,High quality 8508b vase,,8508B vase. Quality product for your kitchen and home.,,1,single,0,,Home decor,,,16030008,ART-16030008,,1599,1599,,,,,,Yes,24,,,No,No,No,home-decor,,0,Yes,No,,2025-11-29T21:57:32.703Z,2026-01-09T03:00:34.857Z
692b6c4b63c1df28cbc710cf,8586D vase,8586D vase,8586d-vase,High quality 8586d vase,,8586D vase. Quality product for your kitchen and home.,,1,single,0,,Home decor,,,16030007,ART-16030007,,799,799,,,,,,Yes,48,,,No,No,No,home-decor,,0,Yes,No,,2025-11-29T21:57:31.387Z,2026-01-09T03:00:34.560Z
692b6c4a63c1df28cbc710c4,8503B vase,8503B vase,8503b-vase,High quality 8503b vase,,8503B vase. Quality product for your kitchen and home.,,1,single,0,,Home decor,,,16030002,ART-16030002,,1499,1499,,,,,,Yes,24,,,No,No,No,home-decor,,0,Yes,No,,2025-11-29T21:57:30.072Z,2026-01-09T03:00:33.672Z
692b6c4863c1df28cbc710b9,8586C vase,8586C vase,8586c-vase,High quality 8586c vase,,8586C vase. Quality product for your kitchen and home.,,1,single,0,,Home decor,,,16030006,ART-16030006,,1199,1199,,,,,,Yes,24,,,No,No,No,home-decor,,0,Yes,No,,2025-11-29T21:57:28.756Z,2026-01-09T03:00:34.264Z
692b6c4763c1df28cbc710ae,8508C vase,8508C vase,8508c-vase,High quality 8508c vase,,8508C vase. Quality product for your kitchen and home.,,1,single,0,,Home decor,,,16030009,ART-16030009,,1199,1199,,,,,,Yes,24,,,No,No,No,home-decor,,0,Yes,No,,2025-11-29T21:57:27.441Z,2026-01-09T03:00:35.153Z
692b6c4663c1df28cbc7109e,308B sand glaze vase,308B sand glaze vase,308b-sand-glaze-vase,High quality 308b sand glaze vase,,308B sand glaze vase. Quality product for your kitchen and home.,,1,single,0,,Home decor,,,603040055,ART-603040055,,1499,1499,,,,,,Yes,18,,,No,No,No,home-decor,,0,Yes,No,,2025-11-29T21:57:26.125Z,2026-01-09T03:00:48.481Z
692b6c4463c1df28cbc7108e,204A wavy vase,204A wavy vase,204a-wavy-vase,High quality 204a wavy vase,,204A wavy vase. Quality product for your kitchen and home.,,1,single,0,,Home decor,,,603040043,ART-603040043,,1199,1199,,,,,,Yes,24,,,No,No,No,home-decor,,0,Yes,No,,2025-11-29T21:57:24.766Z,2026-01-09T03:00:47.889Z
692b6c4363c1df28cbc71074,8503D vase,8503D vase,8503d-vase,High quality 8503d vase,,8503D vase. Quality product for your kitchen and home.,,1,single,0,,Home decor,,,16030004,ART-16030004,,799,799,,,,,,Yes,48,,,No,No,No,home-decor,,0,Yes,No,,2025-11-29T21:57:23.431Z,2026-01-09T03:00:33.968Z
692b6c4263c1df28cbc7105a,370C sand glaze vase,370C sand glaze vase,370c-sand-glaze-vase,High quality 370c sand glaze vase,,370C sand glaze vase. Quality product for your kitchen and home.,,1,single,0,,Home decor,,,603040054,ART-603040054,,899,899,,,,,,Yes,36,,,No,No,No,home-decor,,0,Yes,No,,2025-11-29T21:57:22.115Z,2026-01-09T03:00:48.185Z
692b6c4063c1df28cbc7104f,8508D vase,8508D vase,8508d-vase,High quality 8508d vase,,8508D vase. Quality product for your kitchen and home.,,1,single,0,,Home decor,,,16030010,ART-16030010,,799,799,,,,,,Yes,48,,,No,No,No,home-decor,,0,Yes,No,,2025-11-29T21:57:20.800Z,2026-01-09T03:00:35.450Z
692b6c3f63c1df28cbc7103e,Multipurpose glass bottle,Multipurpose glass bottle,multipurpose-glass-bottle,High quality multipurpose glass bottle,,Multipurpose glass bottle. Quality product for your kitchen and home.,,1,single,0,,Food Storage,,,41755,ART-41755,,199,199,,,,,,Yes,72,,,No,No,No,food-storage,,0,Yes,No,,2025-11-29T21:57:19.484Z,2026-01-09T03:00:24.847Z
692b6c3e63c1df28cbc71026,XB-1502 640ml rectangular crisper,XB-1502 640ml rectangular crisper,xb-1502-640ml-rectangular-crisper,High quality xb-1502 640ml rectangular crisper,,XB-1502 640ml rectangular crisper. Quality product for your kitchen and home.,,1,single,0,,Food Storage,,,602040074,ART-602040074,,599,599,,,,,,Yes,24,,,No,No,No,food-storage,,0,Yes,No,,2025-11-29T21:57:18.167Z,2026-01-09T03:00:45.220Z
692b6c3c63c1df28cbc71015,XB-1503 1.04L rectangular crisper,XB-1503 1.04L rectangular crisper,xb-1503-104l-rectangular-crisper,High quality xb-1503 1.04l rectangular crisper,,XB-1503 1.04L rectangular crisper. Quality product for your kitchen and home.,,1,single,0,,Food Storage,,,602040075,ART-602040075,,799,799,,,,,,Yes,18,,,No,No,No,food-storage,,0,Yes,No,,2025-11-29T21:57:16.850Z,2026-01-09T03:00:45.518Z
692b6c3b63c1df28cbc7100a,XB-1209 520ml square crisper,XB-1209 520ml square crisper,xb-1209-520ml-square-crisper,High quality xb-1209 520ml square crisper,,XB-1209 520ml square crisper. Quality product for your kitchen and home.,,1,single,0,,Food Storage,,,602040071,ART-602040071,,599,599,,,,,,Yes,24,,,No,No,No,food-storage,,0,Yes,No,,2025-11-29T21:57:15.533Z,2026-01-09T03:00:44.924Z
692b6c3a63c1df28cbc70ffa,XB-2120 divider rectangular crisper,XB-2120 divider rectangular crisper,xb-2120-divider-rectangular-crisper,High quality xb-2120 divider rectangular crisper,,XB-2120 divider rectangular crisper. Quality product for your kitchen and home.,,1,single,0,,Food Storage,,,602040061,ART-602040061,,1299,1299,,,,,,Yes,12,,,No,No,No,food-storage,,0,Yes,No,,2025-11-29T21:57:14.207Z,2026-01-09T03:00:44.332Z
692b6c3863c1df28cbc70fe8,XB-1201 370ml rectangular crisper,XB-1201 370ml rectangular crisper,xb-1201-370ml-rectangular-crisper,High quality xb-1201 370ml rectangular crisper,,XB-1201 370ml rectangular crisper. Quality product for your kitchen and home.,,1,single,0,,Food Storage,,,602040064,ART-602040064,,499,499,,,,,,Yes,24,,,No,No,No,food-storage,,0,Yes,No,,2025-11-29T21:57:12.892Z,2026-01-09T03:00:44.627Z
692b6c3763c1df28cbc70fda,XB-1507 950ml round crisper,XB-1507 950ml round crisper,xb-1507-950ml-round-crisper,High quality xb-1507 950ml round crisper,,XB-1507 950ml round crisper. Quality product for your kitchen and home.,,1,single,0,,Food Storage,,,602040078,ART-602040078,,699,699,,,,,,Yes,18,,,No,No,No,food-storage,,0,Yes,No,,2025-11-29T21:57:11.576Z,2026-01-09T03:00:46.109Z
692b6c3663c1df28cbc70fca,XB-1510 800ml square crisper,XB-1510 800ml square crisper,xb-1510-800ml-square-crisper,High quality xb-1510 800ml square crisper,,XB-1510 800ml square crisper. Quality product for your kitchen and home.,,1,single,0,,Food Storage,,,602040081,ART-602040081,,599,599,,,,,,Yes,18,,,No,No,No,food-storage,,0,Yes,No,,2025-11-29T21:57:10.251Z,2026-01-09T03:00:46.701Z
692b6c3463c1df28cbc70fb5,XB-1509 520ml square crisper,XB-1509 520ml square crisper,xb-1509-520ml-square-crisper,High quality xb-1509 520ml square crisper,,XB-1509 520ml square crisper. Quality product for your kitchen and home.,,1,single,0,,Food Storage,,,602040080,ART-602040080,,599,599,,,,,,Yes,24,,,No,No,No,food-storage,,0,Yes,No,,2025-11-29T21:57:08.935Z,2026-01-09T03:00:46.405Z
692b6c3363c1df28cbc70fa0,XB-2018 divider crisper,XB-2018 divider crisper,xb-2018-divider-crisper,High quality xb-2018 divider crisper,,XB-2018 divider crisper. Quality product for your kitchen and home.,,1,single,0,,Food Storage,,,602040060,ART-602040060,,999,999,,,,,,Yes,12,,,No,No,No,food-storage,,0,Yes,No,,2025-11-29T21:57:07.610Z,2026-01-09T03:00:44.036Z
692b6c3263c1df28cbc70f93,XB-1505 350ml round glass crisper,XB-1505 350ml round glass crisper,xb-1505-350ml-round-glass-crisper,High quality xb-1505 350ml round glass crisper,,XB-1505 350ml round glass crisper. Quality product for your kitchen and home.,,1,single,0,,Food Storage,,,602040076,ART-602040076,,499,499,,,,,,Yes,24,,,No,No,No,food-storage,,0,Yes,No,,2025-11-29T21:57:06.294Z,2026-01-09T03:00:45.814Z
692b6c3063c1df28cbc70f85,847 glass storage tank 1350ml,847 glass storage tank 1350ml,847-glass-storage-tank-1350ml,High quality 847 glass storage tank 1350ml,,847 glass storage tank 1350ml. Quality product for your kitchen and home.,,1,single,0,,Food Storage,,,602080032,ART-602080032,,799,799,,,,,,Yes,12,,,No,No,No,food-storage,,0,Yes,No,,2025-11-29T21:57:04.977Z,2026-01-09T03:00:47.297Z
692b6c2f63c1df28cbc70f75,846 glass storage tank 950ml,846 glass storage tank 950ml,846-glass-storage-tank-950ml,High quality 846 glass storage tank 950ml,,846 glass storage tank 950ml. Quality product for your kitchen and home.,,1,single,0,,Food Storage,,,602080031,ART-602080031,,699,699,,,,,,Yes,24,,,No,No,No,food-storage,,0,Yes,No,,2025-11-29T21:57:03.661Z,2026-01-09T03:00:47.001Z
692b6c2e63c1df28cbc70f61,7-inch fruit plate Ink Lotus,7-inch fruit plate Ink Lotus,7-inch-fruit-plate-ink-lotus,High quality 7-inch fruit plate ink lotus,,7-inch fruit plate Ink Lotus. Quality product for your kitchen and home.,,1,single,0,,Tableware,,,1200400358,ART-1200400358,,199,199,,,,,,Yes,70,,,No,No,No,tableware,,0,Yes,No,,2025-11-29T21:57:02.345Z,2026-01-09T03:00:55.861Z
692b6c2d63c1df28cbc70f4e,White 9-inch vertical plate,White 9-inch vertical plate,white-9-inch-vertical-plate,High quality white 9-inch vertical plate,,White 9-inch vertical plate. Quality product for your kitchen and home.,,1,single,0,,Tableware,,,1200400172,ART-1200400172,,199,199,,,,,,Yes,40,,,No,No,No,tableware,,0,Yes,No,,2025-11-29T21:57:01.031Z,2026-01-09T03:00:54.386Z
692b6c2b63c1df28cbc70f35,White 9-inch flat plate,White 9-inch flat plate,white-9-inch-flat-plate,High quality white 9-inch flat plate,,White 9-inch flat plate. Quality product for your kitchen and home.,,1,single,0,,Tableware,,,72194,ART-72194,,199,199,,,,,,Yes,40,,,No,No,No,tableware,,0,Yes,No,,2025-11-29T21:56:59.716Z,2026-01-09T03:00:31.594Z
692b6c2a63c1df28cbc70f2a,Printed 5-inch salad bowl Time Grey,Printed 5-inch salad bowl Time Grey,printed-5-inch-salad-bowl-time-grey,High quality printed 5-inch salad bowl time grey,,Printed 5-inch salad bowl Time Grey. Quality product for your kitchen and home.,,1,single,0,,Tableware,,,1200600169,ART-1200600169,,199,199,,,,,,Yes,90,,,No,No,No,tableware,,0,Yes,No,,2025-11-29T21:56:58.401Z,2026-01-09T03:00:59.701Z
692b6c2963c1df28cbc70f1a,Mingxin 6-inch bucket bowl Strawberry,Mingxin 6-inch bucket bowl Strawberry,mingxin-6-inch-bucket-bowl-strawberry,High quality mingxin 6-inch bucket bowl strawberry,,Mingxin 6-inch bucket bowl Strawberry. Quality product for your kitchen and home.,,1,single,0,,Tableware,,,1200600679,ART-1200600679,,199,199,,,,,,Yes,80,,,No,No,No,tableware,,0,Yes,No,,2025-11-29T21:56:57.085Z,2026-01-09T03:01:02.095Z
692b6c2763c1df28cbc70f0a,Mingxin 6-inch bowl White,Mingxin 6-inch bowl White,mingxin-6-inch-bowl-white,High quality mingxin 6-inch bowl white,,Mingxin 6-inch bowl White. Quality product for your kitchen and home.,,1,single,0,,Tableware,,,1200600033,ART-1200600033,,199,199,,,,,,Yes,80,,,No,No,No,tableware,,0,Yes,No,,2025-11-29T21:56:55.720Z,2026-01-09T03:00:59.406Z
692b6c2663c1df28cbc70efa,Mingxin 8-inch bowl White,Mingxin 8-inch bowl White,mingxin-8-inch-bowl-white,High quality mingxin 8-inch bowl white,,Mingxin 8-inch bowl White. Quality product for your kitchen and home.,,1,single,0,,Tableware,,,81717,ART-81717,,199,199,,,,,,Yes,50,,,No,No,No,tableware,,0,Yes,No,,2025-11-29T21:56:54.404Z,2026-01-09T03:00:32.484Z
692b6c2563c1df28cbc70eef,Mingxin Ruyi bowl 5.2-inch Peach,Mingxin Ruyi bowl 5.2-inch Peach,mingxin-ruyi-bowl-52-inch-peach,High quality mingxin ruyi bowl 5.2-inch peach,,Mingxin Ruyi bowl 5.2-inch Peach. Quality product for your kitchen and home.,,1,single,0,,Tableware,,,1200600677,ART-1200600677,,199,199,,,,,,Yes,80,,,No,No,No,tableware,,0,Yes,No,,2025-11-29T21:56:53.088Z,2026-01-09T03:01:01.800Z
692b6c2363c1df28cbc70ee4,5-inch starlight bowl Happy,5-inch starlight bowl Happy,5-inch-starlight-bowl-happy,High quality 5-inch starlight bowl happy,,5-inch starlight bowl Happy. Quality product for your kitchen and home.,,1,single,0,,Tableware,,,1200600643,ART-1200600643,,199,199,,,,,,Yes,90,,,No,No,No,tableware,,0,Yes,No,,2025-11-29T21:56:51.772Z,2026-01-09T03:01:00.620Z
692b6c2263c1df28cbc70ed4,White 10-inch plate Level 1,White 10-inch plate Level 1,white-10-inch-plate-level-1,High quality white 10-inch plate level 1,,White 10-inch plate Level 1. Quality product for your kitchen and home.,,1,single,0,,Tableware,,,1200400401,ART-1200400401,,199,199,,,,,,Yes,36,,,No,No,No,tableware,,0,Yes,No,,2025-11-29T21:56:50.457Z,2026-01-09T03:00:58.225Z
692b6c2163c1df28cbc70ebf,7-inch fruit plate Time Grey,7-inch fruit plate Time Grey,7-inch-fruit-plate-time-grey,High quality 7-inch fruit plate time grey,,7-inch fruit plate Time Grey. Quality product for your kitchen and home.,,1,single,0,,Tableware,,,1200400300,ART-1200400300,,199,199,,,,,,Yes,70,,,No,No,No,tableware,,0,Yes,No,,2025-11-29T21:56:49.142Z,2026-01-09T03:00:54.681Z
692b6c1f63c1df28cbc70eb4,Glass star B013 small Phnom Penh,Glass star B013 small Phnom Penh,glass-star-b013-small-phnom-penh,High quality glass star b013 small phnom penh,,Glass star B013 small Phnom Penh. Quality product for your kitchen and home.,,1,single,0,,Tableware,,,1210100105,ART-1210100105,,199,199,,,,,,Yes,288,,,No,No,No,tableware,,0,Yes,No,,2025-11-29T21:56:47.824Z,2026-01-09T03:01:02.685Z
692b6c1e63c1df28cbc70e9f,Curved spoon colorful dream,Curved spoon colorful dream,curved-spoon-colorful-dream,High quality curved spoon colorful dream,,Curved spoon colorful dream. Quality product for your kitchen and home.,,1,single,0,,Tableware,,,1200500014,ART-1200500014,,199,199,,,,,,Yes,200,,,No,No,No,tableware,,0,Yes,No,,2025-11-29T21:56:46.503Z,2026-01-09T03:00:59.111Z
692b6c1d63c1df28cbc70e94,JL3510 glass cup,JL3510 glass cup,jl3510-glass-cup,High quality jl3510 glass cup,,JL3510 glass cup. Quality product for your kitchen and home.,,1,single,0,,Tableware,,,1210100220,ART-1210100220,,199,199,,,,,,Yes,48,,,No,No,No,tableware,,0,Yes,No,,2025-11-29T21:56:45.188Z,2026-01-09T03:01:04.162Z
692b6c1b63c1df28cbc70e89,Mingxin 6-inch bucket bowl,Mingxin 6-inch bucket bowl,mingxin-6-inch-bucket-bowl,High quality mingxin 6-inch bucket bowl,,Mingxin 6-inch bucket bowl. Quality product for your kitchen and home.,,1,single,0,,Tableware,,,1200600653,ART-1200600653,,199,199,,,,,,Yes,80,,,No,No,No,tableware,,0,Yes,No,,2025-11-29T21:56:43.873Z,2026-01-09T03:01:00.915Z
692b6c1a63c1df28cbc70e79,Azalea 5-inch salad bowl,Azalea 5-inch salad bowl,azalea-5-inch-salad-bowl,High quality azalea 5-inch salad bowl,,Azalea 5-inch salad bowl. Quality product for your kitchen and home.,,1,single,0,,Tableware,,,1200600599,ART-1200600599,,199,199,,,,,,Yes,80,,,No,No,No,tableware,,0,Yes,No,,2025-11-29T21:56:42.561Z,2026-01-09T03:00:59.995Z
692b6c1963c1df28cbc70e6e,Flower bowl 3.8-inch,Flower bowl 3.8-inch,flower-bowl-38-inch,High quality flower bowl 3.8-inch,,Flower bowl 3.8-inch. Quality product for your kitchen and home.,,1,single,0,,Tableware,,,1200300010,ART-1200300010,,199,199,,,,,,Yes,180,,,No,No,No,tableware,,0,Yes,No,,2025-11-29T21:56:41.225Z,2026-01-09T03:00:54.091Z
692b6c1763c1df28cbc70e63,4-inch ribbed vegetable plate,4-inch ribbed vegetable plate,4-inch-ribbed-vegetable-plate,High quality 4-inch ribbed vegetable plate,,4-inch ribbed vegetable plate. Quality product for your kitchen and home.,,1,single,0,,Tableware,,,66696,ART-66696,,199,199,,,,,,Yes,240,,,No,No,No,tableware,,0,Yes,No,,2025-11-29T21:56:39.911Z,2026-01-09T03:00:31.002Z
692b6c1663c1df28cbc70e58,Hexagonal glass cup Amber,Hexagonal glass cup Amber,hexagonal-glass-cup-amber,High quality hexagonal glass cup amber,,Hexagonal glass cup Amber. Quality product for your kitchen and home.,,1,single,0,,Tableware,,,94092,ART-94092,,199,199,,,,,,Yes,72,,,No,No,No,tableware,,0,Yes,No,,2025-11-29T21:56:38.597Z,2026-01-09T03:00:33.375Z
692b6c1563c1df28cbc70e44,8-inch star plate Fun Time,8-inch star plate Fun Time,8-inch-star-plate-fun-time,High quality 8-inch star plate fun time,,8-inch star plate Fun Time. Quality product for your kitchen and home.,,1,single,0,,Tableware,,,1200400377,ART-1200400377,,199,199,,,,,,Yes,60,,,No,No,No,tableware,,0,Yes,No,,2025-11-29T21:56:37.275Z,2026-01-09T03:00:57.043Z
692b6c1363c1df28cbc70e38,8-inch Ruyi plate Peach,8-inch Ruyi plate Peach,8-inch-ruyi-plate-peach,High quality 8-inch ruyi plate peach,,8-inch Ruyi plate Peach. Quality product for your kitchen and home.,,1,single,0,,Tableware,,,1200400405,ART-1200400405,,199,199,,,,,,Yes,50,,,No,No,No,tableware,,0,Yes,No,,2025-11-29T21:56:35.957Z,2026-01-09T03:00:58.521Z
692b6c1263c1df28cbc70e2d,8-inch rain stone plate Elegant,8-inch rain stone plate Elegant,8-inch-rain-stone-plate-elegant,High quality 8-inch rain stone plate elegant,,8-inch rain stone plate Elegant. Quality product for your kitchen and home.,,1,single,0,,Tableware,,,1200400371,ART-1200400371,,199,199,,,,,,Yes,60,,,No,No,No,tableware,,0,Yes,No,,2025-11-29T21:56:34.642Z,2026-01-09T03:00:56.748Z
692b6c1163c1df28cbc70e22,Mingxin 8-inch rain stone Strawberry,Mingxin 8-inch rain stone Strawberry,mingxin-8-inch-rain-stone-strawberry,High quality mingxin 8-inch rain stone strawberry,,Mingxin 8-inch rain stone Strawberry. Quality product for your kitchen and home.,,1,single,0,,Tableware,,,1200400408,ART-1200400408,,199,199,,,,,,Yes,50,,,No,No,No,tableware,,0,Yes,No,,2025-11-29T21:56:33.328Z,2026-01-09T03:00:58.816Z
692b6c1063c1df28cbc70e08,8-inch vertical grain plate Camellia,8-inch vertical grain plate Camellia,8-inch-vertical-grain-plate-camellia,High quality 8-inch vertical grain plate camellia,,8-inch vertical grain plate Camellia. Quality product for your kitchen and home.,,1,single,0,,Tableware,,,1200400385,ART-1200400385,,199,199,,,,,,Yes,60,,,No,No,No,tableware,,0,Yes,No,,2025-11-29T21:56:32.013Z,2026-01-09T03:00:57.632Z
692b6c0e63c1df28cbc70df3,Deli TY4337-1 glass,Deli TY4337-1 glass,deli-ty4337-1-glass,High quality deli ty4337-1 glass,,Deli TY4337-1 glass. Quality product for your kitchen and home.,,1,single,0,,Tableware,,,1210100181,ART-1210100181,,199,199,,,,,,Yes,48,,,No,No,No,tableware,,0,Yes,No,,2025-11-29T21:56:30.696Z,2026-01-09T03:01:03.276Z
692b6c0d63c1df28cbc70de8,8-inch rain stone plate Flower,8-inch rain stone plate Flower,8-inch-rain-stone-plate-flower,High quality 8-inch rain stone plate flower,,8-inch rain stone plate Flower. Quality product for your kitchen and home.,,1,single,0,,Tableware,,,1200400370,ART-1200400370,,199,199,,,,,,Yes,60,,,No,No,No,tableware,,0,Yes,No,,2025-11-29T21:56:29.378Z,2026-01-09T03:00:56.451Z
692b6c0c63c1df28cbc70dd8,7-inch plate Spring Breeze,7-inch plate Spring Breeze,7-inch-plate-spring-breeze,High quality 7-inch plate spring breeze,,7-inch plate Spring Breeze. Quality product for your kitchen and home.,,1,single,0,,Tableware,,,1200400327,ART-1200400327,,199,199,,,,,,Yes,70,,,No,No,No,tableware,,0,Yes,No,,2025-11-29T21:56:28.056Z,2026-01-09T03:00:55.272Z
692b6c0a63c1df28cbc70dcd,JL3511 glass,JL3511 glass,jl3511-glass,High quality jl3511 glass,,JL3511 glass. Quality product for your kitchen and home.,,1,single,0,,Tableware,,,1210100219,ART-1210100219,,199,199,,,,,,Yes,48,,,No,No,No,tableware,,0,Yes,No,,2025-11-29T21:56:26.740Z,2026-01-09T03:01:03.867Z
692b6c0963c1df28cbc70dbd,Deli TKB6002 glass,Deli TKB6002 glass,deli-tkb6002-glass,High quality deli tkb6002 glass,,Deli TKB6002 glass. Quality product for your kitchen and home.,,1,single,0,,Tableware,,,1210100167,ART-1210100167,,199,199,,,,,,Yes,72,,,No,No,No,tableware,,0,Yes,No,,2025-11-29T21:56:25.424Z,2026-01-09T03:01:02.980Z
692b6c0863c1df28cbc70da3,Square glass bowl,Square glass bowl,square-glass-bowl,High quality square glass bowl,,Square glass bowl. Quality product for your kitchen and home.,,1,single,0,,Tableware,,,1210500034,ART-1210500034,,199,199,,,,,,Yes,72,,,No,No,No,tableware,,0,Yes,No,,2025-11-29T21:56:24.109Z,2026-01-09T03:01:04.458Z
692b6c0663c1df28cbc70d93,JL3512 glass cup,JL3512 glass cup,jl3512-glass-cup,High quality jl3512 glass cup,,JL3512 glass cup. Quality product for your kitchen and home.,,1,single,0,,Tableware,,,1210100207,ART-1210100207,,199,199,,,,,,Yes,48,,,No,No,No,tableware,,0,Yes,No,,2025-11-29T21:56:22.792Z,2026-01-09T03:01:03.572Z
692b6c0563c1df28cbc70d88,Printed 7-inch cheese plate,Printed 7-inch cheese plate,printed-7-inch-cheese-plate,High quality printed 7-inch cheese plate,,Printed 7-inch cheese plate. Quality product for your kitchen and home.,,1,single,0,,Tableware,,,1200400383,ART-1200400383,,199,199,,,,,,Yes,70,,,No,No,No,tableware,,0,Yes,No,,2025-11-29T21:56:21.475Z,2026-01-09T03:00:57.338Z
692b6c0463c1df28cbc70d7d,7-inch fruit plate Autumn Leaf,7-inch fruit plate Autumn Leaf,7-inch-fruit-plate-autumn-leaf,High quality 7-inch fruit plate autumn leaf,,7-inch fruit plate Autumn Leaf. Quality product for your kitchen and home.,,1,single,0,,Tableware,,,1200400326,ART-1200400326,,199,199,,,,,,Yes,70,,,No,No,No,tableware,,0,Yes,No,,2025-11-29T21:56:20.159Z,2026-01-09T03:00:54.976Z
692b6c0263c1df28cbc70d72,White 8-inch hexagon plate,White 8-inch hexagon plate,white-8-inch-hexagon-plate,High quality white 8-inch hexagon plate,,White 8-inch hexagon plate. Quality product for your kitchen and home.,,1,single,0,,Tableware,,,1200400352,ART-1200400352,,199,199,,,,,,Yes,60,,,No,No,No,tableware,,0,Yes,No,,2025-11-29T21:56:18.824Z,2026-01-09T03:00:55.567Z
692b6c0163c1df28cbc70d67,5.25-inch cheese bowl (2pcs),5.25-inch cheese bowl (2pcs),525-inch-cheese-bowl-2pcs,High quality 5.25-inch cheese bowl (2pcs),,5.25-inch cheese bowl (2pcs). Quality product for your kitchen and home.,,1,single,0,,Tableware,,,1200600685,ART-1200600685,,199,199,,,,,,Yes,72,,,No,No,No,tableware,,0,Yes,No,,2025-11-29T21:56:17.505Z,2026-01-09T03:01:02.390Z
692b6c0063c1df28cbc70d52,5-inch starlight bowl Fragrant,5-inch starlight bowl Fragrant,5-inch-starlight-bowl-fragrant,High quality 5-inch starlight bowl fragrant,,5-inch starlight bowl Fragrant. Quality product for your kitchen and home.,,1,single,0,,Tableware,,,1200600639,ART-1200600639,,199,199,,,,,,Yes,90,,,No,No,No,tableware,,0,Yes,No,,2025-11-29T21:56:16.188Z,2026-01-09T03:01:00.324Z
692b6bfe63c1df28cbc70d47,Mingxin bucket bowl 6-inch peach,Mingxin bucket bowl 6-inch peach,mingxin-bucket-bowl-6-inch-peach,High quality mingxin bucket bowl 6-inch peach,,Mingxin bucket bowl 6-inch peach. Quality product for your kitchen and home.,,1,single,0,,Tableware,,,1200600675,ART-1200600675,,199,199,,,,,,Yes,80,,,No,No,No,tableware,,0,Yes,No,,2025-11-29T21:56:14.860Z,2026-01-09T03:01:01.505Z
692b6bfd63c1df28cbc70d37,Printed cheese plate Bill Bear,Printed cheese plate Bill Bear,printed-cheese-plate-bill-bear,High quality printed cheese plate bill bear,,Printed cheese plate Bill Bear. Quality product for your kitchen and home.,,1,single,0,,Tableware,,,1200400366,ART-1200400366,,199,199,,,,,,Yes,60,,,No,No,No,tableware,,0,Yes,No,,2025-11-29T21:56:13.535Z,2026-01-09T03:00:56.156Z
692b6bfc63c1df28cbc70d27,New bone china fruit plate Ginkgo,New bone china fruit plate Ginkgo,new-bone-china-fruit-plate-ginkgo,High quality new bone china fruit plate ginkgo,,New bone china fruit plate Ginkgo. Quality product for your kitchen and home.,,1,single,0,,Tableware,,,78841,ART-78841,,199,199,,,,,,Yes,60,,,No,No,No,tableware,,0,Yes,No,,2025-11-29T21:56:12.216Z,2026-01-09T03:00:32.189Z
692b6bfa63c1df28cbc70d1c,White glass bowl 6-inch,White glass bowl 6-inch,white-glass-bowl-6-inch,High quality white glass bowl 6-inch,,White glass bowl 6-inch. Quality product for your kitchen and home.,,1,single,0,,Tableware,,,1200600656,ART-1200600656,,199,199,,,,,,Yes,60,,,No,No,No,tableware,,0,Yes,No,,2025-11-29T21:56:10.899Z,2026-01-09T03:01:01.209Z
692b6bf963c1df28cbc70d11,White 8-inch glass plate,White 8-inch glass plate,white-8-inch-glass-plate,High quality white 8-inch glass plate,,White 8-inch glass plate. Quality product for your kitchen and home.,,1,single,0,,Tableware,,,1200400396,ART-1200400396,,199,199,,,,,,Yes,50,,,No,No,No,tableware,,0,Yes,No,,2025-11-29T21:56:09.584Z,2026-01-09T03:00:57.927Z
692b6bf863c1df28cbc70d06,8-inch cheese plate Happy Deer,8-inch cheese plate Happy Deer,8-inch-cheese-plate-happy-deer,High quality 8-inch cheese plate happy deer,,8-inch cheese plate Happy Deer. Quality product for your kitchen and home.,,1,single,0,,Tableware,,,77646,ART-77646,,199,199,,,,,,Yes,60,,,No,No,No,tableware,,0,Yes,No,,2025-11-29T21:56:08.269Z,2026-01-09T03:00:31.892Z
692b6bf663c1df28cbc70cfb,Tea glass with handle,Tea glass with handle,tea-glass-with-handle,High quality tea glass with handle,,Tea glass with handle. Quality product for your kitchen and home.,,1,single,0,,Tableware,,,501020064,ART-501020064,,899,899,,,,,,Yes,36,,,No,No,No,tableware,,0,Yes,No,,2025-11-29T21:56:06.951Z,2026-01-09T03:00:41.959Z
692b6bf563c1df28cbc70cf0,HD3256 ceramic mug,HD3256 ceramic mug,hd3256-ceramic-mug,High quality hd3256 ceramic mug,,HD3256 ceramic mug. Quality product for your kitchen and home.,,1,single,0,,Tableware,,,501060017,ART-501060017,,1299,1299,,,,,,Yes,60,,,No,No,No,tableware,,0,Yes,No,,2025-11-29T21:56:05.636Z,2026-01-09T03:00:42.556Z
692b6bf463c1df28cbc70ce5,12-inch cut angle fish plate,12-inch cut angle fish plate,12-inch-cut-angle-fish-plate,High quality 12-inch cut angle fish plate,,12-inch cut angle fish plate. Quality product for your kitchen and home.,,1,single,0,,Tableware,,,17020001,ART-17020001,,599,599,,,,,,Yes,32,,,No,No,No,tableware,,0,Yes,No,,2025-11-29T21:56:04.319Z,2026-01-09T03:00:36.337Z
692b6bf263c1df28cbc70cd0,13-inch fish plate Yuanbao,13-inch fish plate Yuanbao,13-inch-fish-plate-yuanbao,High quality 13-inch fish plate yuanbao,,13-inch fish plate Yuanbao. Quality product for your kitchen and home.,,1,single,0,,Tableware,,,901020039,ART-901020039,,1399,1399,,,,,,Yes,24,,,No,No,No,tableware,,0,Yes,No,,2025-11-29T21:56:02.988Z,2026-01-09T03:00:53.492Z
692b6bf163c1df28cbc70cc5,8-inch square plate,8-inch square plate,8-inch-square-plate,High quality 8-inch square plate,,8-inch square plate. Quality product for your kitchen and home.,,1,single,0,,Tableware,,,901020044,ART-901020044,,599,599,,,,,,Yes,40,,,No,No,No,tableware,,0,Yes,No,,2025-11-29T21:56:01.673Z,2026-01-09T03:00:53.794Z
692b6bf063c1df28cbc70cba,10.5-inch double ear soup bowl,10.5-inch double ear soup bowl,105-inch-double-ear-soup-bowl,High quality 10.5-inch double ear soup bowl,,10.5-inch double ear soup bowl. Quality product for your kitchen and home.,,1,single,0,,Tableware,,,17010001,ART-17010001,,699,699,,,,,,Yes,20,,,No,No,No,tableware,,0,Yes,No,,2025-11-29T21:56:00.357Z,2026-01-09T03:00:36.041Z
692b6bef63c1df28cbc70cae,9-inch square dumpling plate,9-inch square dumpling plate,9-inch-square-dumpling-plate,High quality 9-inch square dumpling plate,,9-inch square dumpling plate. Quality product for your kitchen and home.,,1,single,0,,Tableware,,,17020014,ART-17020014,,499,499,,,,,,Yes,48,,,No,No,No,tableware,,0,Yes,No,,2025-11-29T21:55:59.042Z,2026-01-09T03:00:36.927Z
692b6bed63c1df28cbc70c9e,12-inch diamond fish plate,12-inch diamond fish plate,12-inch-diamond-fish-plate,High quality 12-inch diamond fish plate,,12-inch diamond fish plate. Quality product for your kitchen and home.,,1,single,0,,Tableware,,,17020002,ART-17020002,,699,699,,,,,,Yes,24,,,No,No,No,tableware,,0,Yes,No,,2025-11-29T21:55:57.719Z,2026-01-09T03:00:36.632Z
692b6bec63c1df28cbc70c93,39cm wooden shovel,39cm wooden shovel,39cm-wooden-shovel,High quality 39cm wooden shovel,,39cm wooden shovel. Quality product for your kitchen and home.,,1,single,0,,Utensils & Tools,,,3080400007,ART-3080400007,,199,199,,,,,,Yes,50,,,No,No,No,utensils-tools,,0,Yes,No,,2025-11-29T21:55:56.403Z,2026-01-09T03:01:05.343Z
692b6beb63c1df28cbc70c88,Samsung wooden spoon,Samsung wooden spoon,samsung-wooden-spoon,High quality samsung wooden spoon,,Samsung wooden spoon. Quality product for your kitchen and home.,,1,single,0,,Utensils & Tools,,,42720,ART-42720,,199,199,,,,,,Yes,60,,,No,No,No,utensils-tools,,0,Yes,No,,2025-11-29T21:55:55.087Z,2026-01-09T03:00:28.367Z
692b6be963c1df28cbc70c78,Samsung wooden spatula,Samsung wooden spatula,samsung-wooden-spatula,High quality samsung wooden spatula,,Samsung wooden spatula. Quality product for your kitchen and home.,,1,single,0,,Utensils & Tools,,,42723,ART-42723,,199,199,,,,,,Yes,60,,,No,No,No,utensils-tools,,0,Yes,No,,2025-11-29T21:55:53.770Z,2026-01-09T03:00:29.651Z
692b6be863c1df28cbc70c63,JS20 rolling pin,JS20 rolling pin,js20-rolling-pin,High quality js20 rolling pin,,JS20 rolling pin. Quality product for your kitchen and home.,,1,single,0,,Utensils & Tools,,,88644,ART-88644,,199,199,,,,,,Yes,40,,,No,No,No,utensils-tools,,0,Yes,No,,2025-11-29T21:55:52.455Z,2026-01-09T03:00:32.779Z
692b6be763c1df28cbc70c58,30‑pointed rolling pin,30‑pointed rolling pin,30pointed-rolling-pin,High quality 30‑pointed rolling pin,,30‑pointed rolling pin. Quality product for your kitchen and home.,,1,single,0,,Utensils & Tools,,,69259,ART-69259,,199,199,,,,,,Yes,60,,,No,No,No,utensils-tools,,0,Yes,No,,2025-11-29T21:55:51.141Z,2026-01-09T03:00:31.297Z
692b6be563c1df28cbc70c49,Rectangular fruit cutting board,Rectangular fruit cutting board,rectangular-fruit-cutting-board,High quality rectangular fruit cutting board,,Rectangular fruit cutting board. Quality product for your kitchen and home.,,1,single,0,,Utensils & Tools,,,50105,ART-50105,,199,199,,,,,,Yes,40,,,No,No,No,utensils-tools,,0,Yes,No,,2025-11-29T21:55:49.825Z,2026-01-09T03:00:30.312Z
692b6be463c1df28cbc70c3d,Fruit cutting board 23×33,Fruit cutting board 23×33,fruit-cutting-board-2333,High quality fruit cutting board 23×33,,Fruit cutting board 23×33. Quality product for your kitchen and home.,,1,single,0,,Utensils & Tools,,,3080200015,ART-3080200015,,199,199,,,,,,Yes,40,,,No,No,No,utensils-tools,,0,Yes,No,,2025-11-29T21:55:48.510Z,2026-01-09T03:01:05.048Z
692b6be363c1df28cbc70c2d,Stainless steel tip spoon,Stainless steel tip spoon,stainless-steel-tip-spoon,High quality stainless steel tip spoon,,Stainless steel tip spoon. Quality product for your kitchen and home.,,1,single,0,,Utensils & Tools,,,3141200064,ART-3141200064,,199,199,,,,,,Yes,100,,,No,No,No,utensils-tools,,0,Yes,No,,2025-11-29T21:55:47.193Z,2026-01-09T03:01:05.639Z
692b6be163c1df28cbc70c18,Fine mesh strainer 15.5cm,Fine mesh strainer 15.5cm,fine-mesh-strainer-155cm,High quality fine mesh strainer 15.5cm,,Fine mesh strainer 15.5cm. Quality product for your kitchen and home.,,1,single,0,,Utensils & Tools,,,90616,ART-90616,,199,199,,,,,,Yes,60,,,No,No,No,utensils-tools,,0,Yes,No,,2025-11-29T21:55:45.876Z,2026-01-09T03:00:33.079Z
692b6be063c1df28cbc70c08,Garlic press 136,Garlic press 136,garlic-press-136,High quality garlic press 136,,Garlic press 136. Quality product for your kitchen and home.,,1,single,0,,Utensils & Tools,,,108180014,ART-108180014,,599,599,,,,,,Yes,24,,,No,No,No,utensils-tools,,0,Yes,No,,2025-11-29T21:55:44.558Z,2026-01-09T03:00:41.663Z
692b6bdf63c1df28cbc70bfd,Egg beater medium,Egg beater medium,egg-beater-medium,High quality egg beater medium,,Egg beater medium. Quality product for your kitchen and home.,,1,single,0,,Utensils & Tools,,,08180003,ART-08180003,,299,299,,,,,,Yes,24,,,No,No,No,utensils-tools,,0,Yes,No,,2025-11-29T21:55:43.229Z,2026-01-09T03:01:06.819Z
692b6bdd63c1df28cbc70bed,Skin planer 928,Skin planer 928,skin-planer-928,High quality skin planer 928,,Skin planer 928. Quality product for your kitchen and home.,,1,single,0,,Utensils & Tools,,,108060002,ART-108060002,,449,449,,,,,,Yes,36,,,No,No,No,utensils-tools,,0,Yes,No,,2025-11-29T21:55:41.905Z,2026-01-09T03:00:37.520Z
692b6bdc63c1df28cbc70bcf,S‑351 utility 3‑piece set,S‑351 utility 3‑piece set,s351-utility-3piece-set,High quality s‑351 utility 3‑piece set,,S‑351 utility 3‑piece set. Quality product for your kitchen and home.,,1,single,0,,Utensils & Tools,,,505060045,ART-505060045,,629,629,,,,,,Yes,36,,,No,No,No,utensils-tools,,0,Yes,No,,2025-11-29T21:55:40.508Z,2026-01-09T03:00:43.148Z
692b6bdb63c1df28cbc70bbc,Cat/Bear silicone spatula,Cat/Bear silicone spatula,catbear-silicone-spatula,High quality cat/bear silicone spatula,,Cat/Bear silicone spatula. Quality product for your kitchen and home.,,1,single,0,,Utensils & Tools,,,604050039,ART-604050039,,649,649,,,,,,Yes,40,,,No,No,No,utensils-tools,,0,Yes,No,,2025-11-29T21:55:39.192Z,2026-01-09T03:00:49.073Z
692b6bd963c1df28cbc70bae,Solid wood silicone spatula 318,Solid wood silicone spatula 318,solid-wood-silicone-spatula-318,High quality solid wood silicone spatula 318,,Solid wood silicone spatula 318. Quality product for your kitchen and home.,,1,single,0,,Utensils & Tools,,,604050058,ART-604050058,,529,529,,,,,,Yes,50,,,No,No,No,utensils-tools,,0,Yes,No,,2025-11-29T21:55:37.863Z,2026-01-09T03:00:49.961Z
692b6bd863c1df28cbc70b99,Yamu silicone spatula,Yamu silicone spatula,yamu-silicone-spatula,High quality yamu silicone spatula,,Yamu silicone spatula. Quality product for your kitchen and home.,,1,single,0,,Utensils & Tools,,,604050051,ART-604050051,,549,549,,,,,,Yes,40,,,No,No,No,utensils-tools,,0,Yes,No,,2025-11-29T21:55:36.535Z,2026-01-09T03:00:49.665Z
692b6bd763c1df28cbc70b89,Cat/Bear silicone spoon,Cat/Bear silicone spoon,catbear-silicone-spoon,High quality cat/bear silicone spoon,,Cat/Bear silicone spoon. Quality product for your kitchen and home.,,1,single,0,,Utensils & Tools,,,604050040,ART-604050040,,649,649,,,,,,Yes,40,,,No,No,No,utensils-tools,,0,Yes,No,,2025-11-29T21:55:35.214Z,2026-01-09T03:00:49.369Z
692b6bd563c1df28cbc70b7a,Reindeer fruit shaver,Reindeer fruit shaver,reindeer-fruit-shaver,High quality reindeer fruit shaver,,Reindeer fruit shaver. Quality product for your kitchen and home.,,1,single,0,,Utensils & Tools,,,08060001,ART-08060001,,199,199,,,,,,Yes,48,,,No,No,No,utensils-tools,,0,Yes,No,,2025-11-29T21:55:33.870Z,2026-01-09T03:01:06.229Z
692b6bd463c1df28cbc70b6e,Chicken wing wooden chopsticks,Chicken wing wooden chopsticks,chicken-wing-wooden-chopsticks,High quality chicken wing wooden chopsticks,,Chicken wing wooden chopsticks. Quality product for your kitchen and home.,,1,single,0,,Utensils & Tools,,,08020013,ART-08020013,,599,599,,,,,,Yes,50,,,No,No,No,utensils-tools,,0,Yes,No,,2025-11-29T21:55:32.536Z,2026-01-09T03:01:05.933Z
692b6bd363c1df28cbc70b5e,Solid wood silicone spoon,Solid wood silicone spoon,solid-wood-silicone-spoon,High quality solid wood silicone spoon,,Solid wood silicone spoon. Quality product for your kitchen and home.,,1,single,0,,Utensils & Tools,,,505030018,ART-505030018,,529,529,,,,,,Yes,60,,,No,No,No,utensils-tools,,0,Yes,No,,2025-11-29T21:55:31.194Z,2026-01-09T03:00:42.851Z
692b6bd163c1df28cbc70b4c,Cutting board + egg cooker set 4pcs,Cutting board + egg cooker set 4pcs,cutting-board-egg-cooker-set-4pcs,High quality cutting board + egg cooker set 4pcs,,Cutting board + egg cooker set 4pcs. Quality product for your kitchen and home.,,1,single,0,,Utensils & Tools,,,505060080,ART-505060080,,599,599,,,,,,Yes,48,,,No,No,No,utensils-tools,,0,Yes,No,,2025-11-29T21:55:29.861Z,2026-01-09T03:00:43.444Z
692b6bd063c1df28cbc70b2f,Chinese No.2 fork key,Chinese No.2 fork key,chinese-no2-fork-key,High quality chinese no.2 fork key,,Chinese No.2 fork key. Quality product for your kitchen and home.,,1,single,0,,Utensils & Tools,,,08160008,ART-08160008,,399,399,,,,,,Yes,60,,,No,No,No,utensils-tools,,0,Yes,No,,2025-11-29T21:55:28.537Z,2026-01-09T03:01:06.524Z
692b6bcf63c1df28cbc70b1a,Flat bottom plastic spoon,Flat bottom plastic spoon,flat-bottom-plastic-spoon,High quality flat bottom plastic spoon,High quality flat bottom plastic spoon,Flat bottom plastic spoon. Quality product for your kitchen and home.,"<p>Flat bottom plastic spoon. Quality product for your kitchen and home.</p>
",1,single,0,,Utensils & Tools,,,108010020,ART-108010020,,349,349,,,,,,Yes,36,,,No,No,No,utensils-tools,,0,Yes,No,,2025-11-29T21:55:27.213Z,2026-01-09T03:00:37.225Z
692b6bcd63c1df28cbc70b0a,16cm string pot,16cm string pot,16cm-string-pot,High quality 16cm string pot,,<p>16cm string pot. Quality product for your kitchen and home.</p>,<p><br></p>,1,single,0,,Cookware,,,108100020,ART-108100020,,559,559,,,,,,Yes,5,,,No,No,No,cookware,cookware,0,Yes,No,,2025-11-29T21:55:25.892Z,2026-01-09T03:00:37.816Z
692b6bcc63c1df28cbc70af5,Pearl milk pot 18cm,Pearl milk pot 18cm,pearl-milk-pot-18cm,High quality pearl milk pot 18cm,,Pearl milk pot 18cm. Quality product for your kitchen and home.,,1,single,0,,Cookware,,,108100026,ART-108100026,,599,599,,,,,,Yes,30,,,No,No,No,cookware,,0,Yes,No,,2025-11-29T21:55:24.562Z,2026-01-09T03:00:39.000Z
692b6bcb63c1df28cbc70aea,Steel double ear soup pot 18cm,Steel double ear soup pot 18cm,steel-double-ear-soup-pot-18cm,High quality steel double ear soup pot 18cm,,Steel double ear soup pot 18cm. Quality product for your kitchen and home.,,1,single,0,,Cookware,,,108100025,ART-108100025,,599,599,,,,,,Yes,25,,,No,No,No,cookware,,0,Yes,No,,2025-11-29T21:55:23.243Z,2026-01-09T03:00:38.705Z
692b6bc963c1df28cbc70ada,No.1 single handle stainless pot 18cm,No.1 single handle stainless pot 18cm,no1-single-handle-stainless-pot-18cm,High quality no.1 single handle stainless pot 18cm,,No.1 single handle stainless pot 18cm. Quality product for your kitchen and home.,,1,single,0,,Cookware,,,604080022,ART-604080022,,1499,1499,,,,,,Yes,26,,,No,No,No,cookware,,0,Yes,No,,2025-11-29T21:55:21.926Z,2026-01-09T03:00:50.964Z
692b6bc863c1df28cbc70aca,Phnom Penh Aromatic Enamel Pot 20cm,Phnom Penh Aromatic Enamel Pot 20cm,phnom-penh-aromatic-enamel-pot-20cm,High quality phnom penh aromatic enamel pot 20cm,,Phnom Penh Aromatic Enamel Pot 20cm. Quality product for your kitchen and home.,,1,single,0,,Cookware,,,604080050,ART-604080050,,3199,3199,,,,,,Yes,12,,,No,No,No,cookware,,0,Yes,No,,2025-11-29T21:55:20.611Z,2026-01-09T03:00:52.297Z
692b6bc763c1df28cbc70abb,Phnom Edge Yingge Enamel Pot 22cm,Phnom Edge Yingge Enamel Pot 22cm,phnom-edge-yingge-enamel-pot-22cm,High quality phnom edge yingge enamel pot 22cm,,Phnom Edge Yingge Enamel Pot 22cm. Quality product for your kitchen and home.,,1,single,0,,Cookware,,,604080052,ART-604080052,,3499,3499,,,,,,Yes,12,,,No,No,No,cookware,,0,Yes,No,,2025-11-29T21:55:19.276Z,2026-01-09T03:00:53.066Z
692b6bc563c1df28cbc70aa9,Phnom Penh Aromatic Enamel Pot 22cm,Phnom Penh Aromatic Enamel Pot 22cm,phnom-penh-aromatic-enamel-pot-22cm,High quality phnom penh aromatic enamel pot 22cm,,Phnom Penh Aromatic Enamel Pot 22cm. Quality product for your kitchen and home.,,1,single,0,,Cookware,,,604080051,ART-604080051,,3499,3499,,,,,,Yes,12,,,No,No,No,cookware,,0,Yes,No,,2025-11-29T21:55:17.919Z,2026-01-09T03:00:52.659Z
692b6bc463c1df28cbc70a9a,Seafood pot 18cm,Seafood pot 18cm,seafood-pot-18cm,High quality seafood pot 18cm,High quality seafood pot 18cm,<p>Seafood pot 18cm. Quality product for your kitchen and home.</p>,"<p></p>
",1,single,0,,Cookware,,,108100028,ART-108100028,,599,599,,,,,,Yes,60,,,No,No,No,cookware,cookware,0,Yes,No,,2025-11-29T21:55:16.601Z,2026-01-09T03:00:39.295Z
692b6bc363c1df28cbc70a85,Seafood pot 22cm,Seafood pot 22cm,seafood-pot-22cm,High quality seafood pot 22cm,High quality seafood pot 22cm,<p>Seafood pot 22cm. Quality product for your kitchen and home.</p>,"<p></p>
",1,single,0,,Cookware,,,108100030,ART-108100030,,799,799,,,,,,Yes,48,,,No,No,No,cookware,cookware,0,Yes,No,,2025-11-29T21:55:15.286Z,2026-01-09T03:00:39.591Z
692b6bc163c1df28cbc70a70,TF‑3139 Snow frying pan 18cm,TF‑3139 Snow frying pan 18cm,tf3139-snow-frying-pan-18cm,High quality tf‑3139 snow frying pan 18cm,High quality tf‑3139 snow frying pan 18cm,<p>TF‑3139 Snow frying pan 18cm. Quality product for your kitchen and home.</p>,"<p></p>
",1,single,0,,Cookware,,,604080044,ART-604080044,,1599,1599,,,,,,Yes,40,,,No,No,No,cookware,cookware,0,Yes,No,,2025-11-29T21:55:13.967Z,2026-01-09T03:00:51.707Z
692b6bc063c1df28cbc70a5c,Single handle guide pot 20cm,Single handle guide pot 20cm,single-handle-guide-pot-20cm,High quality single handle guide pot 20cm,High quality single handle guide pot 20cm,<p>Single handle guide pot 20cm. Quality product for your kitchen and home.</p>,"<p></p>
",1,single,0,,Cookware,,,108100032,ART-108100032,,559,559,,,,,,Yes,60,,,No,No,No,cookware,cookware,0,Yes,No,,2025-11-29T21:55:12.632Z,2026-01-09T03:00:40.183Z
692b6bbf63c1df28cbc70a49,TF‑723‑32# oztle pan,TF‑723‑32# oztle pan,tf72332-oztle-pan,High quality tf‑723‑32# oztle pan,High quality tf‑723‑32# oztle pan,<p>TF‑723‑32# oztle pan. Quality product for your kitchen and home.</p>,"<p></p>
",1,single,0,,Cookware,,,505080014,ART-505080014,,899,899,,,,,,Yes,48,,,No,No,No,cookware,cookware,0,Yes,No,,2025-11-29T21:55:11.316Z,2026-01-09T03:00:43.740Z
692b6bbd63c1df28cbc70a2c,025‑20cm double ear pot,025‑20cm double ear pot,02520cm-double-ear-pot,High quality 025‑20cm double ear pot,High quality 025‑20cm double ear pot,<p>025‑20cm double ear pot. Quality product for your kitchen and home.</p>,"<p></p>
",1,single,0,,Cookware,,,108100024,ART-108100024,,649,649,,,,,,Yes,120,,,No,No,No,cookware,cookware,0,Yes,No,,2025-11-29T21:55:10.000Z,2026-01-09T03:00:38.408Z
692b6bbc63c1df28cbc70a1c,025‑18cm double ear pot,025‑18cm double ear pot,02518cm-double-ear-pot,High quality 025‑18cm double ear pot,High quality 025‑18cm double ear pot,<p>025‑18cm double ear pot. Quality product for your kitchen and home.</p>,"<p></p>
",1,single,0,,Cookware,,,108100023,ART-108100023,,599,599,,,,,,Yes,120,,,No,No,No,cookware,cookware,0,Yes,No,,2025-11-29T21:55:08.685Z,2026-01-09T03:00:38.112Z
692b6bbb63c1df28cbc70a0c,Phnom Penh Rose Enamel Pot 20cm,Phnom Penh Rose Enamel Pot 20cm,phnom-penh-rose-enamel-pot-20cm,High quality phnom penh rose enamel pot 20cm,High quality phnom penh rose enamel pot 20cm,<p>Phnom Penh Rose Enamel Pot 20cm. Quality product for your kitchen and home.</p>,"<p></p>
",1,single,0,,Cookware,,,604080049,ART-604080049,,3199,3199,,,,,,Yes,12,,,No,No,No,cookware,cookware,0,Yes,No,,2025-11-29T21:55:07.369Z,2026-01-09T03:00:52.002Z
692b6bba63c1df28cbc709fc,Non‑stick steel grid pot 24cm,Non‑stick steel grid pot 24cm,nonstick-steel-grid-pot-24cm,High quality non‑stick steel grid pot 24cm,High quality non‑stick steel grid pot 24cm,<p>Non‑stick steel grid pot 24cm. Quality product for your kitchen and home.</p>,"<p></p>
",1,single,0,,Cookware,,,604080025,ART-604080025,,2299,2299,,,,,,Yes,24,,,No,No,No,cookware,cookware,0,Yes,No,,2025-11-29T21:55:06.054Z,2026-01-09T03:00:51.368Z
692b6bb863c1df28cbc709e4,304 Guishi kettle 1.5L,304 Guishi kettle 1.5L,304-guishi-kettle-15l,High quality 304 guishi kettle 1.5l,High quality 304 guishi kettle 1.5l,<p>304 Guishi kettle 1.5L. Quality product for your kitchen and home.</p>,"<p></p>
",1,single,0,,Cookware,,,501040033,ART-501040033,,4499,4499,,,,,,Yes,24,,,No,No,No,cookware,cookware,0,Yes,No,,2025-11-29T21:55:04.738Z,2026-01-09T03:00:42.259Z
692b6bb763c1df28cbc709c8,36cm elegant uncoated pan,36cm elegant uncoated pan,36cm-elegant-uncoated-pan,High quality 36cm elegant uncoated pan,High quality 36cm elegant uncoated pan,<p>36cm elegant uncoated pan. Quality product for your kitchen and home.</p>,"<p></p>
",1,single,0,,Cookware,,,108100054,ART-108100054,,1999,1999,,,,,,Yes,14,,,No,No,No,cookware,cookware,0,Yes,No,,2025-11-29T21:55:03.423Z,2026-01-09T03:00:41.368Z
692b6bb663c1df28cbc709b6,34cm Honeycomb Pot wooden handle,34cm Honeycomb Pot wooden handle,34cm-honeycomb-pot-wooden-handle,High quality 34cm honeycomb pot wooden handle,High quality 34cm honeycomb pot wooden handle,<p>34cm Honeycomb Pot wooden handle. Quality product for your kitchen and home.</p>,"<p></p>
",1,single,0,,Cookware,,,108100043,ART-108100043,,1699,1699,,,,,,Yes,14,,,No,No,No,cookware,cookware,0,Yes,No,,2025-11-29T21:55:02.105Z,2026-01-09T03:00:40.479Z
692b6bb463c1df28cbc70998,Single handle guide pot 18cm,Single handle guide pot 18cm,single-handle-guide-pot-18cm,High quality single handle guide pot 18cm,High quality single handle guide pot 18cm,<p>Single handle guide pot 18cm. Quality product for your kitchen and home.</p>,"<p></p>
",1,single,0,,Cookware,,,108100031,ART-108100031,,499,499,,,,,,Yes,60,,,No,No,No,cookware,cookware,0,Yes,No,,2025-11-29T21:55:00.775Z,2026-01-09T03:00:39.887Z
692b6bb363c1df28cbc70976,Dolan Maifan Stone Smoke-free Flat Wok 32cm,Dolan Maifan Stone Smoke-free Flat Wok 32cm,dolan-maifan-stone-smoke-free-flat-wok-32cm,High quality dolan maifan stone smoke-free flat wok 32cm,High quality dolan maifan stone smoke-free flat wok 32cm,<p>Dolan Maifan Stone Smoke-free Flat Wok 32cm. Quality product for your kitchen and home.</p>,"<p></p>
",1,single,0,,Cookware,,,604080009,ART-604080009,,6599,6599,,,,,,Yes,30,,,No,No,No,cookware,cookware,0,Yes,No,,2025-11-29T21:54:59.444Z,2026-01-09T03:00:50.553Z
692b6bb263c1df28cbc7096a,36cm diamond log frying pan,36cm diamond log frying pan,36cm-diamond-log-frying-pan,High quality 36cm diamond log frying pan,High quality 36cm diamond log frying pan,<p>36cm diamond log frying pan. Quality product for your kitchen and home.</p>,"<p></p>
",1,single,0,,Cookware,,,108100045,ART-108100045,,1599,1599,,,,,,Yes,14,,,No,No,No,cookware,cookware,0,Yes,No,,2025-11-29T21:54:58.114Z,2026-01-09T03:00:40.775Z
692b6bb063c1df28cbc7095f,36cm log gas nitrogen pot,36cm log gas nitrogen pot,36cm-log-gas-nitrogen-pot,High quality 36cm log gas nitrogen pot,High quality 36cm log gas nitrogen pot,<p>36cm log gas nitrogen pot. Quality product for your kitchen and home.</p>,"<p></p>
",1,single,0,,Cookware,,,108100051,ART-108100051,,1599,1599,,,,,,Yes,14,,,No,No,No,cookware,cookware,0,Yes,No,,2025-11-29T21:54:56.797Z,2026-01-09T03:00:41.072Z
692b6baf63c1df28cbc70954,Random small pot 20cm,Random small pot 20cm,random-small-pot-20cm,High quality random small pot 20cm,High quality random small pot 20cm,<p>Random small pot 20cm. Quality product for your kitchen and home.</p>,"<p></p>
",1,single,0,,Cookware,,,604080001,ART-604080001,,1999,1999,,,,,,Yes,20,,,No,No,No,cookware,cookware,0,Yes,No,,2025-11-29T21:54:55.430Z,2026-01-09T03:00:50.256Z